lemma,c1,c2,statement,response
一些,一,些,一些 是一種 些,0
一半,一,半,一半 是一種 半,0
一如,一,如,一如 是一種 如,0
一定,一,定,一定 是一種 定,1
一律,一,律,一律 是一種 律,0
一手,一,手,一手 是一種 手,0
一旁,一,旁,一旁 是一種 旁,0
一樣,一,樣,一樣 是一種 樣,1
一生,一,生,一生 是一種 生,1
一致,一,致,一致 是一種 致,0
一般,一,般,一般 是一種 般,0
一點,一,點,一點 是一種 點,1
丈夫,丈,夫,丈夫 是一種 夫,1
不予,不,予,不予 是一種 予,0
不便,不,便,不便 是一種 便,0
不停,不,停,不停 是一種 停,0
不再,不,再,不再 是一種 再,0
不到,不,到,不到 是一種 到,0
不及,不,及,不及 是一種 及,0
不可,不,可,不可 是一種 可,0
不同,不,同,不同 是一種 同,0
不如,不,如,不如 是一種 如,0
不宜,不,宜,不宜 是一種 宜,0
不容,不,容,不容 是一種 容,0
不實,不,實,不實 是一種 實,0
不少,不,少,不少 是一種 少,1
不屑,不,屑,不屑 是一種 屑,0
不已,不,已,不已 是一種 已,0
不忘,不,忘,不忘 是一種 忘,0
不忠,不,忠,不忠 是一種 忠,0
不惜,不,惜,不惜 是一種 惜,0
不敬,不,敬,不敬 是一種 敬,0
不斷,不,斷,不斷 是一種 斷,0
不易,不,易,不易 是一種 易,0
不止,不,止,不止 是一種 止,0
不法,不,法,不法 是一種 法,0
不滿,不,滿,不滿 是一種 滿,0
不盡,不,盡,不盡 是一種 盡,0
不符,不,符,不符 是一種 符,0
不等,不,等,不等 是一種 等,0
不良,不,良,不良 是一種 良,0
不行,不,行,不行 是一種 行,0
不覺,不,覺,不覺 是一種 覺,0
不解,不,解,不解 是一種 解,0
不許,不,許,不許 是一種 許,0
不錯,不,錯,不錯 是一種 錯,0
不顧,不,顧,不顧 是一種 顧,0
並用,並,用,並用 是一種 用,1
並行,並,行,並行 是一種 行,0
丹紅,丹,紅,丹紅 是一種 紅,1
主人,主,人,主人 是一種 人,0
主任,主,任,主任 是一種 任,1
主力,主,力,主力 是一種 力,0
主動,主,動,主動 是一種 動,0
主席,主,席,主席 是一種 席,0
主張,主,張,主張 是一種 張,0
主持,主,持,主持 是一種 持,1
主治,主,治,主治 是一種 治,0
主義,主,義,主義 是一種 義,0
主角,主,角,主角 是一種 角,1
主辦,主,辦,主辦 是一種 辦,1
乃兄,乃,兄,乃兄 是一種 兄,1
乃父,乃,父,乃父 是一種 父,1
之交,之,交,之交 是一種 交,0
之內,之,內,之內 是一種 內,0
之初,之,初,之初 是一種 初,1
之前,之,前,之前 是一種 前,1
之外,之,外,之外 是一種 外,1
之後,之,後,之後 是一種 後,1
之秋,之,秋,之秋 是一種 秋,0
乘坐,乘,坐,乘坐 是一種 坐,0
也似,也,似,也似 是一種 似,0
了解,了,解,了解 是一種 解,0
予以,予,以,予以 是一種 以,0
事務,事,務,事務 是一種 務,1
事實,事,實,事實 是一種 實,0
事業,事,業,事業 是一種 業,0
二胡,二,胡,二胡 是一種 胡,0
互相,互,相,互相 是一種 相,1
些許,些,許,些許 是一種 許,0
亞洲,亞,洲,亞洲 是一種 洲,1
亞運,亞,運,亞運 是一種 運,1
交代,交,代,交代 是一種 代,0
交保,交,保,交保 是一種 保,0
交替,交,替,交替 是一種 替,0
交由,交,由,交由 是一種 由,0
交給,交,給,交給 是一種 給,0
亦即,亦,即,亦即 是一種 即,1
人事,人,事,人事 是一種 事,1
人人,人,人,人人 是一種 人,1
人們,人,們,人們 是一種 們,1
人力,人,力,人力 是一種 力,0
人口,人,口,人口 是一種 口,0
人員,人,員,人員 是一種 員,1
人士,人,士,人士 是一種 士,0
人家,人,家,人家 是一種 家,0
人性,人,性,人性 是一種 性,1
人才,人,才,人才 是一種 才,0
人民,人,民,人民 是一種 民,0
人氣,人,氣,人氣 是一種 氣,0
人物,人,物,人物 是一種 物,0
人生,人,生,人生 是一種 生,1
人類,人,類,人類 是一種 類,0
什麼,什,麼,什麼 是一種 麼,0
仔細,仔,細,仔細 是一種 細,0
他人,他,人,他人 是一種 人,1
他們,他,們,他們 是一種 們,0
付諸,付,諸,付諸 是一種 諸,0
付費,付,費,付費 是一種 費,0
代為,代,為,代為 是一種 為,0
代謝,代,謝,代謝 是一種 謝,0
令兄,令,兄,令兄 是一種 兄,1
令妹,令,妹,令妹 是一種 妹,1
令尊,令,尊,令尊 是一種 尊,0
令郎,令,郎,令郎 是一種 郎,0
以來,以,來,以來 是一種 來,1
以內,以,內,以內 是一種 內,0
以前,以,前,以前 是一種 前,0
以外,以,外,以外 是一種 外,1
以後,以,後,以後 是一種 後,0
以為,以,為,以為 是一種 為,0
以降,以,降,以降 是一種 降,0
仰賴,仰,賴,仰賴 是一種 賴,0
任何,任,何,任何 是一種 何,0
任務,任,務,任務 是一種 務,0
任命,任,命,任命 是一種 命,0
任意,任,意,任意 是一種 意,0
任憑,任,憑,任憑 是一種 憑,1
任由,任,由,任由 是一種 由,0
份子,份,子,份子 是一種 子,0
仿照,仿,照,仿照 是一種 照,0
企圖,企,圖,企圖 是一種 圖,1
企業,企,業,企業 是一種 業,0
休息,休,息,休息 是一種 息,1
估價,估,價,估價 是一種 價,0
估計,估,計,估計 是一種 計,0
伸手,伸,手,伸手 是一種 手,0
似的,似,的,似的 是一種 的,0
但願,但,願,但願 是一種 願,1
位置,位,置,位置 是一種 置,0
位處,位,處,位處 是一種 處,0
低溫,低,溫,低溫 是一種 溫,1
低階,低,階,低階 是一種 階,1
住宅,住,宅,住宅 是一種 宅,1
住房,住,房,住房 是一種 房,1
佔領,佔,領,佔領 是一種 領,0
何等,何,等,何等 是一種 等,0
何者,何,者,何者 是一種 者,0
作主,作,主,作主 是一種 主,0
作出,作,出,作出 是一種 出,0
作品,作,品,作品 是一種 品,1
作夢,作,夢,作夢 是一種 夢,0
作家,作,家,作家 是一種 家,0
作怪,作,怪,作怪 是一種 怪,0
作戰,作,戰,作戰 是一種 戰,1
作法,作,法,作法 是一種 法,0
作為,作,為,作為 是一種 為,0
作用,作,用,作用 是一種 用,0
作者,作,者,作者 是一種 者,0
你們,你,們,你們 是一種 們,0
來信,來,信,來信 是一種 信,1
來源,來,源,來源 是一種 源,1
來自,來,自,來自 是一種 自,0
供應,供,應,供應 是一種 應,0
依循,依,循,依循 是一種 循,1
依據,依,據,依據 是一種 據,0
依舊,依,舊,依舊 是一種 舊,0
依賴,依,賴,依賴 是一種 賴,0
便宜,便,宜,便宜 是一種 宜,0
便是,便,是,便是 是一種 是,0
促進,促,進,促進 是一種 進,1
俗稱,俗,稱,俗稱 是一種 稱,1
保存,保,存,保存 是一種 存,0
保守,保,守,保守 是一種 守,1
保持,保,持,保持 是一種 持,0
保有,保,有,保有 是一種 有,0
保留,保,留,保留 是一種 留,1
保羅,保,羅,保羅 是一種 羅,0
保證,保,證,保證 是一種 證,1
保障,保,障,保障 是一種 障,0
保險,保,險,保險 是一種 險,0
信箱,信,箱,信箱 是一種 箱,1
信託,信,託,信託 是一種 託,1
信賴,信,賴,信賴 是一種 賴,1
修行,修,行,修行 是一種 行,0
個人,個,人,個人 是一種 人,1
個性,個,性,個性 是一種 性,0
借來,借,來,借來 是一種 來,0
借宿,借,宿,借宿 是一種 宿,1
倫敦,倫,敦,倫敦 是一種 敦,0
假裝,假,裝,假裝 是一種 裝,1
假設,假,設,假設 是一種 設,0
偉大,偉,大,偉大 是一種 大,0
做主,做,主,做主 是一種 主,0
做人,做,人,做人 是一種 人,0
做出,做,出,做出 是一種 出,0
做法,做,法,做法 是一種 法,0
做錯,做,錯,做錯 是一種 錯,0
停機,停,機,停機 是一種 機,0
停留,停,留,停留 是一種 留,1
停車,停,車,停車 是一種 車,0
停電,停,電,停電 是一種 電,0
健全,健,全,健全 是一種 全,1
健康,健,康,健康 是一種 康,0
傑克,傑,克,傑克 是一種 克,0
傑出,傑,出,傑出 是一種 出,0
催眠,催,眠,催眠 是一種 眠,0
傾卸,傾,卸,傾卸 是一種 卸,0
傾向,傾,向,傾向 是一種 向,0
傾心,傾,心,傾心 是一種 心,0
僅有,僅,有,僅有 是一種 有,1
價值,價,值,價值 是一種 值,0
優先,優,先,優先 是一種 先,0
優勢,優,勢,優勢 是一種 勢,1
優惠,優,惠,優惠 是一種 惠,1
優秀,優,秀,優秀 是一種 秀,0
優點,優,點,優點 是一種 點,0
儲蓄,儲,蓄,儲蓄 是一種 蓄,0
允許,允,許,允許 是一種 許,0
兄弟,兄,弟,兄弟 是一種 弟,1
充分,充,分,充分 是一種 分,0
充滿,充,滿,充滿 是一種 滿,0
先天,先,天,先天 是一種 天,0
先決,先,決,先決 是一種 決,0
先父,先,父,先父 是一種 父,1
先生,先,生,先生 是一種 生,1
先行,先,行,先行 是一種 行,0
先進,先,進,先進 是一種 進,0
光電,光,電,光電 是一種 電,1
兒子,兒,子,兒子 是一種 子,0
兒時,兒,時,兒時 是一種 時,1
兒童,兒,童,兒童 是一種 童,0
兔子,兔,子,兔子 是一種 子,0
入口,入,口,入口 是一種 口,0
入手,入,手,入手 是一種 手,0
入迷,入,迷,入迷 是一種 迷,0
入選,入,選,入選 是一種 選,0
內子,內,子,內子 是一種 子,1
內容,內,容,內容 是一種 容,1
內行,內,行,內行 是一種 行,0
全球,全,球,全球 是一種 球,1
全身,全,身,全身 是一種 身,0
全面,全,面,全面 是一種 面,0
兩岸,兩,岸,兩岸 是一種 岸,0
兩造,兩,造,兩造 是一種 造,0
共識,共,識,共識 是一種 識,1
其一,其,一,其一 是一種 一,0
其二,其,二,其二 是一種 二,0
其他,其,他,其他 是一種 他,0
其它,其,它,其它 是一種 它,0
其次,其,次,其次 是一種 次,0
典型,典,型,典型 是一種 型,1
典雅,典,雅,典雅 是一種 雅,1
再見,再,見,再見 是一種 見,0
最佳,最,佳,最佳 是一種 佳,0
最多,最,多,最多 是一種 多,0
最少,最,少,最少 是一種 少,1
最後,最,後,最後 是一種 後,0
最早,最,早,最早 是一種 早,0
最近,最,近,最近 是一種 近,0
冬季,冬,季,冬季 是一種 季,0
冰雪,冰,雪,冰雪 是一種 雪,1
冷戰,冷,戰,冷戰 是一種 戰,1
冷淡,冷,淡,冷淡 是一種 淡,0
冷血,冷,血,冷血 是一種 血,0
冷酷,冷,酷,冷酷 是一種 酷,0
冷門,冷,門,冷門 是一種 門,0
冷靜,冷,靜,冷靜 是一種 靜,0
凌亂,凌,亂,凌亂 是一種 亂,1
凌晨,凌,晨,凌晨 是一種 晨,0
凍原,凍,原,凍原 是一種 原,1
出任,出,任,出任 是一種 任,1
出來,出,來,出來 是一種 來,0
出去,出,去,出去 是一種 去,1
出嫁,出,嫁,出嫁 是一種 嫁,1
出租,出,租,出租 是一種 租,1
出自,出,自,出自 是一種 自,1
出身,出,身,出身 是一種 身,0
出錢,出,錢,出錢 是一種 錢,0
出門,出,門,出門 是一種 門,1
出面,出,面,出面 是一種 面,0
分出,分,出,分出 是一種 出,0
分別,分,別,分別 是一種 別,0
分化,分,化,分化 是一種 化,0
分區,分,區,分區 是一種 區,0
分擔,分,擔,分擔 是一種 擔,0
分期,分,期,分期 是一種 期,0
分析,分,析,分析 是一種 析,0
分段,分,段,分段 是一種 段,0
分為,分,為,分為 是一種 為,0
分班,分,班,分班 是一種 班,0
分級,分,級,分級 是一種 級,0
分組,分,組,分組 是一種 組,0
分角,分,角,分角 是一種 角,0
分解,分,解,分解 是一種 解,1
分辨,分,辨,分辨 是一種 辨,0
分鐘,分,鐘,分鐘 是一種 鐘,0
分隔,分,隔,分隔 是一種 隔,0
刑事,刑,事,刑事 是一種 事,0
初步,初,步,初步 是一種 步,1
判刑,判,刑,判刑 是一種 刑,0
判定,判,定,判定 是一種 定,1
判斷,判,斷,判斷 是一種 斷,0
判決,判,決,判決 是一種 決,1
別人,別,人,別人 是一種 人,1
到期,到,期,到期 是一種 期,0
到案,到,案,到案 是一種 案,0
制伏,制,伏,制伏 是一種 伏,1
制止,制,止,制止 是一種 止,0
刻意,刻,意,刻意 是一種 意,0
前後,前,後,前後 是一種 後,0
前者,前,者,前者 是一種 者,1
前面,前,面,前面 是一種 面,0
剖析,剖,析,剖析 是一種 析,0
剛剛,剛,剛,剛剛 是一種 剛,0
剛好,剛,好,剛好 是一種 好,0
割禮,割,禮,割禮 是一種 禮,1
創作,創,作,創作 是一種 作,1
創意,創,意,創意 是一種 意,0
創造,創,造,創造 是一種 造,1
劇毒,劇,毒,劇毒 是一種 毒,1
劇院,劇,院,劇院 是一種 院,1
劉備,劉,備,劉備 是一種 備,0
力圖,力,圖,力圖 是一種 圖,1
力爭,力,爭,力爭 是一種 爭,1
力量,力,量,力量 是一種 量,1
功能,功,能,功能 是一種 能,0
助力,助,力,助力 是一種 力,0
助選,助,選,助選 是一種 選,0
助陣,助,陣,助陣 是一種 陣,0
勇士,勇,士,勇士 是一種 士,0
勉強,勉,強,勉強 是一種 強,1
勒令,勒,令,勒令 是一種 令,0
勒索,勒,索,勒索 是一種 索,1
動作,動,作,動作 是一種 作,0
動員,動,員,動員 是一種 員,0
動工,動,工,動工 是一種 工,0
動心,動,心,動心 是一種 心,0
動物,動,物,動物 是一種 物,1
動盪,動,盪,動盪 是一種 盪,0
動詞,動,詞,動詞 是一種 詞,1
勝過,勝,過,勝過 是一種 過,0
勤前,勤,前,勤前 是一種 前,0
勸告,勸,告,勸告 是一種 告,1
勺子,勺,子,勺子 是一種 子,0
包容,包,容,包容 是一種 容,1
包裝,包,裝,包裝 是一種 裝,1
化妝,化,妝,化妝 是一種 妝,1
化為,化,為,化為 是一種 為,1
化裝,化,裝,化裝 是一種 裝,1
匹敵,匹,敵,匹敵 是一種 敵,0
十分,十,分,十分 是一種 分,1
千萬,千,萬,千萬 是一種 萬,1
升任,升,任,升任 是一種 任,1
升級,升,級,升級 是一種 級,0
午前,午,前,午前 是一種 前,0
午後,午,後,午後 是一種 後,1
半身,半,身,半身 是一種 身,1
半點,半,點,半點 是一種 點,0
協助,協,助,協助 是一種 助,0
協同,協,同,協同 是一種 同,1
協商,協,商,協商 是一種 商,0
協定,協,定,協定 是一種 定,1
協約,協,約,協約 是一種 約,1
協調,協,調,協調 是一種 調,1
南區,南,區,南區 是一種 區,1
南非,南,非,南非 是一種 非,1
博士,博,士,博士 是一種 士,1
占有,占,有,占有 是一種 有,0
危機,危,機,危機 是一種 機,0
危險,危,險,危險 是一種 險,0
即可,即,可,即可 是一種 可,0
即為,即,為,即為 是一種 為,1
卿家,卿,家,卿家 是一種 家,0
原因,原,因,原因 是一種 因,1
原始,原,始,原始 是一種 始,0
去年,去,年,去年 是一種 年,1
去除,去,除,去除 是一種 除,0
參見,參,見,參見 是一種 見,1
叉子,叉,子,叉子 是一種 子,0
友人,友,人,友人 是一種 人,1
友好,友,好,友好 是一種 好,1
反動,反,動,反動 是一種 動,0
反射,反,射,反射 是一種 射,0
反感,反,感,反感 是一種 感,1
反應,反,應,反應 是一種 應,1
反映,反,映,反映 是一種 映,0
反省,反,省,反省 是一種 省,0
反觀,反,觀,反觀 是一種 觀,1
口操,口,操,口操 是一種 操,0
口角,口,角,口角 是一種 角,0
古典,古,典,古典 是一種 典,0
另外,另,外,另外 是一種 外,0
可喜,可,喜,可喜 是一種 喜,0
可惜,可,惜,可惜 是一種 惜,1
可惡,可,惡,可惡 是一種 惡,0
可愛,可,愛,可愛 是一種 愛,0
可疑,可,疑,可疑 是一種 疑,0
可能,可,能,可能 是一種 能,0
可行,可,行,可行 是一種 行,0
可見,可,見,可見 是一種 見,0
可資,可,資,可資 是一種 資,1
史前,史,前,史前 是一種 前,1
史記,史,記,史記 是一種 記,1
各造,各,造,各造 是一種 造,0
同事,同,事,同事 是一種 事,1
同仁,同,仁,同仁 是一種 仁,0
同學,同,學,同學 是一種 學,0
同志,同,志,同志 是一種 志,0
同意,同,意,同意 是一種 意,0
同時,同,時,同時 是一種 時,1
同樣,同,樣,同樣 是一種 樣,1
名人,名,人,名人 是一種 人,1
名字,名,字,名字 是一種 字,0
名家,名,家,名家 是一種 家,1
名氣,名,氣,名氣 是一種 氣,0
名為,名,為,名為 是一種 為,0
名牌,名,牌,名牌 是一種 牌,1
名稱,名,稱,名稱 是一種 稱,1
名聲,名,聲,名聲 是一種 聲,0
吳鳳,吳,鳳,吳鳳 是一種 鳳,0
吸引,吸,引,吸引 是一種 引,1
吸收,吸,收,吸收 是一種 收,1
吸毒,吸,毒,吸毒 是一種 毒,0
吸血,吸,血,吸血 是一種 血,0
吸食,吸,食,吸食 是一種 食,1
吾人,吾,人,吾人 是一種 人,1
呈獻,呈,獻,呈獻 是一種 獻,1
告狀,告,狀,告狀 是一種 狀,1
告訴,告,訴,告訴 是一種 訴,1
告辭,告,辭,告辭 是一種 辭,1
呦呦,呦,呦,呦呦 是一種 呦,0
周旋,周,旋,周旋 是一種 旋,1
呼吸,呼,吸,呼吸 是一種 吸,0
呼籲,呼,籲,呼籲 是一種 籲,1
呼聲,呼,聲,呼聲 是一種 聲,1
命令,命,令,命令 是一種 令,1
命名,命,名,命名 是一種 名,0
命運,命,運,命運 是一種 運,1
和氣,和,氣,和氣 是一種 氣,0
和約,和,約,和約 是一種 約,1
和聲,和,聲,和聲 是一種 聲,1
咱們,咱,們,咱們 是一種 們,1
咱家,咱,家,咱家 是一種 家,0
哀怨,哀,怨,哀怨 是一種 怨,1
哀愁,哀,愁,哀愁 是一種 愁,0
品種,品,種,品種 是一種 種,0
品質,品,質,品質 是一種 質,1
哈佛,哈,佛,哈佛 是一種 佛,0
員工,員,工,員工 是一種 工,0
哥哥,哥,哥,哥哥 是一種 哥,1
哪些,哪,些,哪些 是一種 些,0
哪裡,哪,裡,哪裡 是一種 裡,1
哲學,哲,學,哲學 是一種 學,0
唯一,唯,一,唯一 是一種 一,0
唱歌,唱,歌,唱歌 是一種 歌,0
唸書,唸,書,唸書 是一種 書,1
商品,商,品,商品 是一種 品,1
商店,商,店,商店 是一種 店,1
商業,商,業,商業 是一種 業,0
商量,商,量,商量 是一種 量,0
問好,問,好,問好 是一種 好,0
啥子,啥,子,啥子 是一種 子,0
善用,善,用,善用 是一種 用,1
喜好,喜,好,喜好 是一種 好,0
喜悅,喜,悅,喜悅 是一種 悅,1
喜愛,喜,愛,喜愛 是一種 愛,1
喜歡,喜,歡,喜歡 是一種 歡,0
喪失,喪,失,喪失 是一種 失,0
單一,單,一,單一 是一種 一,0
單位,單,位,單位 是一種 位,0
單純,單,純,單純 是一種 純,1
單薄,單,薄,單薄 是一種 薄,0
嘴唇,嘴,唇,嘴唇 是一種 唇,0
嘴脣,嘴,脣,嘴脣 是一種 脣,1
四周,四,周,四周 是一種 周,1
四川,四,川,四川 是一種 川,0
因應,因,應,因應 是一種 應,0
因素,因,素,因素 是一種 素,1
困境,困,境,困境 是一種 境,1
困難,困,難,困難 是一種 難,1
固定,固,定,固定 是一種 定,0
國人,國,人,國人 是一種 人,1
國內,國,內,國內 是一種 內,0
國外,國,外,國外 是一種 外,1
國家,國,家,國家 是一種 家,0
國寶,國,寶,國寶 是一種 寶,0
國小,國,小,國小 是一種 小,0
國會,國,會,國會 是一種 會,1
國民,國,民,國民 是一種 民,1
國界,國,界,國界 是一種 界,1
國防,國,防,國防 是一種 防,0
國際,國,際,國際 是一種 際,1
坐車,坐,車,坐車 是一種 車,1
基因,基,因,基因 是一種 因,0
基層,基,層,基層 是一種 層,1
基本,基,本,基本 是一種 本,1
基金,基,金,基金 是一種 金,0
堅持,堅,持,堅持 是一種 持,1
堅硬,堅,硬,堅硬 是一種 硬,0
報價,報,價,報價 是一種 價,0
報告,報,告,報告 是一種 告,0
報紙,報,紙,報紙 是一種 紙,1
塞尚,塞,尚,塞尚 是一種 尚,0
增溫,增,溫,增溫 是一種 溫,0
夏娃,夏,娃,夏娃 是一種 娃,0
夏季,夏,季,夏季 是一種 季,1
外交,外,交,外交 是一種 交,1
外國,外,國,外國 是一種 國,1
外套,外,套,外套 是一種 套,1
外殼,外,殼,外殼 是一種 殼,1
外界,外,界,外界 是一種 界,0
外科,外,科,外科 是一種 科,1
外行,外,行,外行 是一種 行,0
外面,外,面,外面 是一種 面,0
多半,多,半,多半 是一種 半,0
多多,多,多,多多 是一種 多,1
多少,多,少,多少 是一種 少,0
多雨,多,雨,多雨 是一種 雨,0
大人,大,人,大人 是一種 人,1
大伙,大,伙,大伙 是一種 伙,1
大半,大,半,大半 是一種 半,0
大多,大,多,大多 是一種 多,1
大大,大,大,大大 是一種 大,0
大學,大,學,大學 是一種 學,0
大家,大,家,大家 是一種 家,0
大專,大,專,大專 是一種 專,0
大小,大,小,大小 是一種 小,0
大我,大,我,大我 是一種 我,1
大早,大,早,大早 是一種 早,0
大會,大,會,大會 是一種 會,1
大樓,大,樓,大樓 是一種 樓,1
大氣,大,氣,大氣 是一種 氣,1
大溪,大,溪,大溪 是一種 溪,0
大眾,大,眾,大眾 是一種 眾,1
大笑,大,笑,大笑 是一種 笑,1
大聲,大,聲,大聲 是一種 聲,1
大臣,大,臣,大臣 是一種 臣,0
大衛,大,衛,大衛 是一種 衛,0
大量,大,量,大量 是一種 量,1
大駕,大,駕,大駕 是一種 駕,1
天氣,天,氣,天氣 是一種 氣,0
天空,天,空,天空 是一種 空,0
夫妻,夫,妻,夫妻 是一種 妻,0
失之,失,之,失之 是一種 之,0
失信,失,信,失信 是一種 信,0
失去,失,去,失去 是一種 去,0
失敗,失,敗,失敗 是一種 敗,0
奇怪,奇,怪,奇怪 是一種 怪,1
奉勸,奉,勸,奉勸 是一種 勸,0
奉為,奉,為,奉為 是一種 為,0
奏效,奏,效,奏效 是一種 效,0
奧會,奧,會,奧會 是一種 會,1
奧運,奧,運,奧運 是一種 運,0
奪得,奪,得,奪得 是一種 得,1
女人,女,人,女人 是一種 人,1
女兒,女,兒,女兒 是一種 兒,1
女士,女,士,女士 是一種 士,0
女子,女,子,女子 是一種 子,0
女孩,女,孩,女孩 是一種 孩,0
女性,女,性,女性 是一種 性,0
女生,女,生,女生 是一種 生,0
她們,她,們,她們 是一種 們,0
好些,好,些,好些 是一種 些,0
好似,好,似,好似 是一種 似,1
好多,好,多,好多 是一種 多,1
好奇,好,奇,好奇 是一種 奇,0
好好,好,好,好好 是一種 好,0
好幾,好,幾,好幾 是一種 幾,0
好比,好,比,好比 是一種 比,1
好生,好,生,好生 是一種 生,0
好發,好,發,好發 是一種 發,1
好處,好,處,好處 是一種 處,1
如何,如,何,如何 是一種 何,1
如同,如,同,如同 是一種 同,1
如此,如,此,如此 是一種 此,0
妥協,妥,協,妥協 是一種 協,0
妥善,妥,善,妥善 是一種 善,0
妳們,妳,們,妳們 是一種 們,1
妹妹,妹,妹,妹妹 是一種 妹,1
妻子,妻,子,妻子 是一種 子,0
妾身,妾,身,妾身 是一種 身,0
姊姊,姊,姊,姊姊 是一種 姊,1
姐妹,姐,妹,姐妹 是一種 妹,0
婚前,婚,前,婚前 是一種 前,0
婚後,婚,後,婚後 是一種 後,1
婦女,婦,女,婦女 是一種 女,1
婦運,婦,運,婦運 是一種 運,1
嫉妒,嫉,妒,嫉妒 是一種 妒,0
嫌惡,嫌,惡,嫌惡 是一種 惡,1
嫌疑,嫌,疑,嫌疑 是一種 疑,0
子女,子,女,子女 是一種 女,0
子孫,子,孫,子孫 是一種 孫,1
子宮,子,宮,子宮 是一種 宮,1
存有,存,有,存有 是一種 有,1
存檔,存,檔,存檔 是一種 檔,0
孝順,孝,順,孝順 是一種 順,0
孟子,孟,子,孟子 是一種 子,0
季末,季,末,季末 是一種 末,0
孤兒,孤,兒,孤兒 是一種 兒,1
孩子,孩,子,孩子 是一種 子,0
學佛,學,佛,學佛 是一種 佛,0
學期,學,期,學期 是一種 期,1
學校,學,校,學校 是一種 校,1
學生,學,生,學生 是一種 生,0
學術,學,術,學術 是一種 術,0
學運,學,運,學運 是一種 運,1
學院,學,院,學院 是一種 院,0
它們,它,們,它們 是一種 們,0
完全,完,全,完全 是一種 全,0
完工,完,工,完工 是一種 工,1
完整,完,整,完整 是一種 整,1
宏觀,宏,觀,宏觀 是一種 觀,1
官人,官,人,官人 是一種 人,0
官員,官,員,官員 是一種 員,0
定位,定,位,定位 是一種 位,0
定值,定,值,定值 是一種 值,1
定型,定,型,定型 是一種 型,0
定律,定,律,定律 是一種 律,1
定案,定,案,定案 是一種 案,1
定為,定,為,定為 是一種 為,0
定論,定,論,定論 是一種 論,0
宜蘭,宜,蘭,宜蘭 是一種 蘭,0
客人,客,人,客人 是一種 人,1
客戶,客,戶,客戶 是一種 戶,0
客氣,客,氣,客氣 是一種 氣,0
客觀,客,觀,客觀 是一種 觀,1
宮殿,宮,殿,宮殿 是一種 殿,1
害羞,害,羞,害羞 是一種 羞,0
家人,家,人,家人 是一種 人,1
家兄,家,兄,家兄 是一種 兄,1
家園,家,園,家園 是一種 園,0
家姊,家,姊,家姊 是一種 姊,1
家父,家,父,家父 是一種 父,1
家用,家,用,家用 是一種 用,0
家祖,家,祖,家祖 是一種 祖,0
家鄉,家,鄉,家鄉 是一種 鄉,0
容忍,容,忍,容忍 是一種 忍,1
容易,容,易,容易 是一種 易,0
容納,容,納,容納 是一種 納,0
容許,容,許,容許 是一種 許,1
容量,容,量,容量 是一種 量,0
寄予,寄,予,寄予 是一種 予,1
寄來,寄,來,寄來 是一種 來,0
寄給,寄,給,寄給 是一種 給,0
富有,富,有,富有 是一種 有,0
實力,實,力,實力 是一種 力,0
實是,實,是,實是 是一種 是,0
實況,實,況,實況 是一種 況,0
實際,實,際,實際 是一種 際,0
實驗,實,驗,實驗 是一種 驗,1
寧可,寧,可,寧可 是一種 可,1
寧肯,寧,肯,寧肯 是一種 肯,0
寧願,寧,願,寧願 是一種 願,1
寫信,寫,信,寫信 是一種 信,0
寫給,寫,給,寫給 是一種 給,0
專員,專,員,專員 是一種 員,1
專家,專,家,專家 是一種 家,0
專擅,專,擅,專擅 是一種 擅,1
專門,專,門,專門 是一種 門,0
小人,小,人,小人 是一種 人,1
小姐,小,姐,小姐 是一種 姐,1
小孩,小,孩,小孩 是一種 孩,0
小學,小,學,小學 是一種 學,1
小心,小,心,小心 是一種 心,0
小我,小,我,小我 是一種 我,1
小時,小,時,小時 是一種 時,0
小組,小,組,小組 是一種 組,1
小鎮,小,鎮,小鎮 是一種 鎮,1
少年,少,年,少年 是一種 年,0
少時,少,時,少時 是一種 時,0
少爺,少,爺,少爺 是一種 爺,1
少許,少,許,少許 是一種 許,0
少量,少,量,少量 是一種 量,1
尖峰,尖,峰,尖峰 是一種 峰,1
尖端,尖,端,尖端 是一種 端,0
屆滿,屆,滿,屆滿 是一種 滿,0
展示,展,示,展示 是一種 示,1
展開,展,開,展開 是一種 開,0
層面,層,面,層面 是一種 面,1
崇拜,崇,拜,崇拜 是一種 拜,0
崩解,崩,解,崩解 是一種 解,0
工人,工,人,工人 是一種 人,1
工作,工,作,工作 是一種 作,0
工廠,工,廠,工廠 是一種 廠,0
工會,工,會,工會 是一種 會,1
工業,工,業,工業 是一種 業,0
工程,工,程,工程 是一種 程,0
差距,差,距,差距 是一種 距,1
己身,己,身,己身 是一種 身,1
巴哈,巴,哈,巴哈 是一種 哈,0
巴西,巴,西,巴西 是一種 西,0
師大,師,大,師大 是一種 大,0
師範,師,範,師範 是一種 範,0
師院,師,院,師院 是一種 院,0
常見,常,見,常見 是一種 見,1
年代,年,代,年代 是一種 代,1
年初,年,初,年初 是一種 初,0
年紀,年,紀,年紀 是一種 紀,0
年齡,年,齡,年齡 是一種 齡,1
幹嗎,幹,嗎,幹嗎 是一種 嗎,0
幹麼,幹,麼,幹麼 是一種 麼,0
幾近,幾,近,幾近 是一種 近,0
康德,康,德,康德 是一種 德,0
廢物,廢,物,廢物 是一種 物,1
廣告,廣,告,廣告 是一種 告,1
廣大,廣,大,廣大 是一種 大,0
廣播,廣,播,廣播 是一種 播,1
廣泛,廣,泛,廣泛 是一種 泛,0
延伸,延,伸,延伸 是一種 伸,1
延期,延,期,延期 是一種 期,0
延續,延,續,延續 是一種 續,1
建檔,建,檔,建檔 是一種 檔,0
建築,建,築,建築 是一種 築,1
建設,建,設,建設 是一種 設,0
建造,建,造,建造 是一種 造,0
弄得,弄,得,弄得 是一種 得,0
引入,引,入,引入 是一種 入,0
引得,引,得,引得 是一種 得,0
引致,引,致,引致 是一種 致,0
弟兄,弟,兄,弟兄 是一種 兄,1
弟弟,弟,弟,弟弟 是一種 弟,0
張良,張,良,張良 是一種 良,0
強烈,強,烈,強烈 是一種 烈,1
強調,強,調,強調 是一種 調,0
彈性,彈,性,彈性 是一種 性,0
形容,形,容,形容 是一種 容,0
彩色,彩,色,彩色 是一種 色,0
影響,影,響,影響 是一種 響,0
彼得,彼,得,彼得 是一種 得,0
彼此,彼,此,彼此 是一種 此,0
彼等,彼,等,彼等 是一種 等,0
很多,很,多,很多 是一種 多,0
很少,很,少,很少 是一種 少,1
後代,後,代,後代 是一種 代,1
後來,後,來,後來 是一種 來,0
後悔,後,悔,後悔 是一種 悔,1
後期,後,期,後期 是一種 期,0
後果,後,果,後果 是一種 果,1
後者,後,者,後者 是一種 者,0
後面,後,面,後面 是一種 面,0
得到,得,到,得到 是一種 到,0
得罪,得,罪,得罪 是一種 罪,0
從業,從,業,從業 是一種 業,0
微小,微,小,微小 是一種 小,1
微粒,微,粒,微粒 是一種 粒,1
德國,德,國,德國 是一種 國,1
心動,心,動,心動 是一種 動,0
心急,心,急,心急 是一種 急,0
心煩,心,煩,心煩 是一種 煩,0
心疼,心,疼,心疼 是一種 疼,0
心酸,心,酸,心酸 是一種 酸,0
心醉,心,醉,心醉 是一種 醉,0
忍心,忍,心,忍心 是一種 心,0
忍耐,忍,耐,忍耐 是一種 耐,0
志願,志,願,志願 是一種 願,1
忘記,忘,記,忘記 是一種 記,0
快意,快,意,快意 是一種 意,0
快速,快,速,快速 是一種 速,0
念書,念,書,念書 是一種 書,0
忽略,忽,略,忽略 是一種 略,0
忽視,忽,視,忽視 是一種 視,1
怎敢,怎,敢,怎敢 是一種 敢,0
怎的,怎,的,怎的 是一種 的,0
怎肯,怎,肯,怎肯 是一種 肯,0
怎麼,怎,麼,怎麼 是一種 麼,0
思念,思,念,思念 是一種 念,0
思索,思,索,思索 是一種 索,1
急性,急,性,急性 是一種 性,1
急救,急,救,急救 是一種 救,1
急速,急,速,急速 是一種 速,0
性感,性,感,性感 是一種 感,0
怨恨,怨,恨,怨恨 是一種 恨,1
恐慌,恐,慌,恐慌 是一種 慌,1
恐懼,恐,懼,恐懼 是一種 懼,1
恭喜,恭,喜,恭喜 是一種 喜,0
恰好,恰,好,恰好 是一種 好,0
悔恨,悔,恨,悔恨 是一種 恨,1
患者,患,者,患者 是一種 者,0
您們,您,們,您們 是一種 們,0
悲哀,悲,哀,悲哀 是一種 哀,0
悲愁,悲,愁,悲愁 是一種 愁,1
悲慘,悲,慘,悲慘 是一種 慘,1
悲涼,悲,涼,悲涼 是一種 涼,1
悲苦,悲,苦,悲苦 是一種 苦,0
惡化,惡,化,惡化 是一種 化,0
惡補,惡,補,惡補 是一種 補,1
惹到,惹,到,惹到 是一種 到,0
惹得,惹,得,惹得 是一種 得,0
愁悶,愁,悶,愁悶 是一種 悶,1
愁苦,愁,苦,愁苦 是一種 苦,0
愉快,愉,快,愉快 是一種 快,0
愉悅,愉,悅,愉悅 是一種 悅,0
意即,意,即,意即 是一種 即,1
意圖,意,圖,意圖 是一種 圖,1
意外,意,外,意外 是一種 外,0
意思,意,思,意思 是一種 思,0
意指,意,指,意指 是一種 指,1
意欲,意,欲,意欲 是一種 欲,0
意義,意,義,意義 是一種 義,0
意見,意,見,意見 是一種 見,1
意識,意,識,意識 是一種 識,1
愛好,愛,好,愛好 是一種 好,0
感到,感,到,感到 是一種 到,0
感動,感,動,感動 是一種 動,1
感恩,感,恩,感恩 是一種 恩,0
感染,感,染,感染 是一種 染,1
感覺,感,覺,感覺 是一種 覺,1
感謝,感,謝,感謝 是一種 謝,1
慈善,慈,善,慈善 是一種 善,1
慌張,慌,張,慌張 是一種 張,0
慘遭,慘,遭,慘遭 是一種 遭,1
慢慢,慢,慢,慢慢 是一種 慢,0
慣常,慣,常,慣常 是一種 常,1
慶生,慶,生,慶生 是一種 生,0
慶祝,慶,祝,慶祝 是一種 祝,0
憂心,憂,心,憂心 是一種 心,0
憂悶,憂,悶,憂悶 是一種 悶,1
憂愁,憂,愁,憂愁 是一種 愁,1
憂煩,憂,煩,憂煩 是一種 煩,1
憑藉,憑,藉,憑藉 是一種 藉,0
憤恨,憤,恨,憤恨 是一種 恨,0
憤慨,憤,慨,憤慨 是一種 慨,1
懂得,懂,得,懂得 是一種 得,0
應徵,應,徵,應徵 是一種 徵,0
應該,應,該,應該 是一種 該,0
應邀,應,邀,應邀 是一種 邀,0
懶得,懶,得,懶得 是一種 得,0
我人,我,人,我人 是一種 人,0
我們,我,們,我們 是一種 們,0
我國,我,國,我國 是一種 國,1
我等,我,等,我等 是一種 等,0
我輩,我,輩,我輩 是一種 輩,1
戰前,戰,前,戰前 是一種 前,0
戰後,戰,後,戰後 是一種 後,1
戰爭,戰,爭,戰爭 是一種 爭,0
戰術,戰,術,戰術 是一種 術,1
戶外,戶,外,戶外 是一種 外,0
房子,房,子,房子 是一種 子,0
所以,所,以,所以 是一種 以,0
所及,所,及,所及 是一種 及,0
所得,所,得,所得 是一種 得,0
所有,所,有,所有 是一種 有,0
手勢,手,勢,手勢 是一種 勢,0
手法,手,法,手法 是一種 法,0
才藝,才,藝,才藝 是一種 藝,1
扶正,扶,正,扶正 是一種 正,0
批發,批,發,批發 是一種 發,1
找出,找,出,找出 是一種 出,0
找到,找,到,找到 是一種 到,0
技術,技,術,技術 是一種 術,0
抖出,抖,出,抖出 是一種 出,1
抱怨,抱,怨,抱怨 是一種 怨,1
抱持,抱,持,抱持 是一種 持,1
拍照,拍,照,拍照 是一種 照,0
拍賣,拍,賣,拍賣 是一種 賣,1
拖延,拖,延,拖延 是一種 延,1
招致,招,致,招致 是一種 致,0
拜年,拜,年,拜年 是一種 年,0
拜託,拜,託,拜託 是一種 託,1
持有,持,有,持有 是一種 有,1
持續,持,續,持續 是一種 續,1
指出,指,出,指出 是一種 出,0
指定,指,定,指定 是一種 定,0
指引,指,引,指引 是一種 引,0
指標,指,標,指標 是一種 標,0
指示,指,示,指示 是一種 示,1
挖出,挖,出,挖出 是一種 出,0
挖掘,挖,掘,挖掘 是一種 掘,1
捐出,捐,出,捐出 是一種 出,0
捐助,捐,助,捐助 是一種 助,1
捐贈,捐,贈,捐贈 是一種 贈,1
捕捉,捕,捉,捕捉 是一種 捉,0
捷徑,捷,徑,捷徑 是一種 徑,1
授予,授,予,授予 是一種 予,1
排入,排,入,排入 是一種 入,0
排出,排,出,排出 是一種 出,1
排名,排,名,排名 是一種 名,0
排行,排,行,排行 是一種 行,0
掛勾,掛,勾,掛勾 是一種 勾,1
掛念,掛,念,掛念 是一種 念,0
採用,採,用,採用 是一種 用,0
採購,採,購,採購 是一種 購,0
接任,接,任,接任 是一種 任,0
接生,接,生,接生 是一種 生,0
接近,接,近,接近 是一種 近,0
接連,接,連,接連 是一種 連,1
推估,推,估,推估 是一種 估,0
推出,推,出,推出 是一種 出,0
推動,推,動,推動 是一種 動,0
推崇,推,崇,推崇 是一種 崇,1
推斷,推,斷,推斷 是一種 斷,1
推測,推,測,推測 是一種 測,0
推移,推,移,推移 是一種 移,1
推論,推,論,推論 是一種 論,0
推辭,推,辭,推辭 是一種 辭,1
推進,推,進,推進 是一種 進,0
掩埋,掩,埋,掩埋 是一種 埋,1
描述,描,述,描述 是一種 述,1
提交,提,交,提交 是一種 交,1
提出,提,出,提出 是一種 出,0
提到,提,到,提到 是一種 到,0
提前,提,前,提前 是一種 前,0
提升,提,升,提升 是一種 升,1
提及,提,及,提及 是一種 及,0
提名,提,名,提名 是一種 名,0
提早,提,早,提早 是一種 早,0
提醒,提,醒,提醒 是一種 醒,0
揮手,揮,手,揮手 是一種 手,0
搖擺,搖,擺,搖擺 是一種 擺,1
搖晃,搖,晃,搖晃 是一種 晃,0
摩擦,摩,擦,摩擦 是一種 擦,1
摸索,摸,索,摸索 是一種 索,1
撐腰,撐,腰,撐腰 是一種 腰,0
撒嬌,撒,嬌,撒嬌 是一種 嬌,1
撒謊,撒,謊,撒謊 是一種 謊,0
播種,播,種,播種 是一種 種,0
播遷,播,遷,播遷 是一種 遷,0
擇期,擇,期,擇期 是一種 期,0
操心,操,心,操心 是一種 心,0
擔任,擔,任,擔任 是一種 任,1
擔心,擔,心,擔心 是一種 心,0
擔憂,擔,憂,擔憂 是一種 憂,1
據報,據,報,據報 是一種 報,1
攔截,攔,截,攔截 是一種 截,1
攤子,攤,子,攤子 是一種 子,0
攪得,攪,得,攪得 是一種 得,0
收入,收,入,收入 是一種 入,0
收費,收,費,收費 是一種 費,0
政大,政,大,政大 是一種 大,1
政府,政,府,政府 是一種 府,1
政治,政,治,政治 是一種 治,1
政見,政,見,政見 是一種 見,1
故事,故,事,故事 是一種 事,0
故宮,故,宮,故宮 是一種 宮,1
故意,故,意,故意 是一種 意,1
效力,效,力,效力 是一種 力,1
效命,效,命,效命 是一種 命,0
效應,效,應,效應 是一種 應,0
效果,效,果,效果 是一種 果,0
敏感,敏,感,敏感 是一種 感,0
敘述,敘,述,敘述 是一種 述,1
敝人,敝,人,敝人 是一種 人,1
敝國,敝,國,敝國 是一種 國,1
散去,散,去,散去 是一種 去,0
敦聘,敦,聘,敦聘 是一種 聘,1
敬業,敬,業,敬業 是一種 業,0
敬禮,敬,禮,敬禮 是一種 禮,0
敬酒,敬,酒,敬酒 是一種 酒,0
整容,整,容,整容 是一種 容,0
整整,整,整,整整 是一種 整,0
敵視,敵,視,敵視 是一種 視,0
新任,新,任,新任 是一種 任,1
新光,新,光,新光 是一種 光,0
新生,新,生,新生 是一種 生,0
新竹,新,竹,新竹 是一種 竹,0
斷層,斷,層,斷層 是一種 層,0
施力,施,力,施力 是一種 力,0
施暴,施,暴,施暴 是一種 暴,0
施肥,施,肥,施肥 是一種 肥,0
施虐,施,虐,施虐 是一種 虐,0
旁邊,旁,邊,旁邊 是一種 邊,1
旅行,旅,行,旅行 是一種 行,0
旅館,旅,館,旅館 是一種 館,1
族群,族,群,族群 是一種 群,1
既是,既,是,既是 是一種 是,1
早晨,早,晨,早晨 是一種 晨,0
旱林,旱,林,旱林 是一種 林,1
明朗,明,朗,明朗 是一種 朗,0
明瞭,明,瞭,明瞭 是一種 瞭,1
明確,明,確,明確 是一種 確,1
春季,春,季,春季 是一種 季,1
昨天,昨,天,昨天 是一種 天,1
時代,時,代,時代 是一種 代,0
時候,時,候,時候 是一種 候,0
時值,時,值,時值 是一種 值,1
時期,時,期,時期 是一種 期,0
晉級,晉,級,晉級 是一種 級,0
暖化,暖,化,暖化 是一種 化,0
暖季,暖,季,暖季 是一種 季,1
暖身,暖,身,暖身 是一種 身,0
暢快,暢,快,暢快 是一種 快,1
暫時,暫,時,暫時 是一種 時,1
暴怒,暴,怒,暴怒 是一種 怒,1
暴雨,暴,雨,暴雨 是一種 雨,1
曉得,曉,得,曉得 是一種 得,0
更多,更,多,更多 是一種 多,1
更少,更,少,更少 是一種 少,1
曹操,曹,操,曹操 是一種 操,0
曾參,曾,參,曾參 是一種 參,0
替代,替,代,替代 是一種 代,1
會員,會,員,會員 是一種 員,1
有些,有,些,有些 是一種 些,1
有名,有,名,有名 是一種 名,0
有否,有,否,有否 是一種 否,0
有如,有,如,有如 是一種 如,0
有害,有,害,有害 是一種 害,0
有心,有,心,有心 是一種 心,0
有志,有,志,有志 是一種 志,0
有意,有,意,有意 是一種 意,0
有效,有,效,有效 是一種 效,1
有毒,有,毒,有毒 是一種 毒,0
有無,有,無,有無 是一種 無,0
有的,有,的,有的 是一種 的,0
有線,有,線,有線 是一種 線,1
有聲,有,聲,有聲 是一種 聲,1
有趣,有,趣,有趣 是一種 趣,0
朋友,朋,友,朋友 是一種 友,1
期末,期,末,期末 是一種 末,1
期求,期,求,期求 是一種 求,0
期盼,期,盼,期盼 是一種 盼,0
期許,期,許,期許 是一種 許,1
木蘭,木,蘭,木蘭 是一種 蘭,1
本人,本,人,本人 是一種 人,1
本身,本,身,本身 是一種 身,0
本金,本,金,本金 是一種 金,1
本錢,本,錢,本錢 是一種 錢,0
朱紅,朱,紅,朱紅 是一種 紅,1
李子,李,子,李子 是一種 子,0
杓子,杓,子,杓子 是一種 子,0
杯子,杯,子,杯子 是一種 子,0
東亞,東,亞,東亞 是一種 亞,0
東區,東,區,東區 是一種 區,1
東南,東,南,東南 是一種 南,0
東吳,東,吳,東吳 是一種 吳,0
東德,東,德,東德 是一種 德,1
東西,東,西,東西 是一種 西,0
林肯,林,肯,林肯 是一種 肯,0
架空,架,空,架空 是一種 空,1
柏林,柏,林,柏林 是一種 林,0
某些,某,些,某些 是一種 些,1
某某,某,某,某某 是一種 某,1
染色,染,色,染色 是一種 色,0
查獲,查,獲,查獲 是一種 獲,1
查詢,查,詢,查詢 是一種 詢,1
校園,校,園,校園 是一種 園,0
核准,核,准,核准 是一種 准,0
核定,核,定,核定 是一種 定,0
核心,核,心,核心 是一種 心,1
案底,案,底,案底 是一種 底,0
梅子,梅,子,梅子 是一種 子,0
梅樹,梅,樹,梅樹 是一種 樹,1
梅花,梅,花,梅花 是一種 花,1
棄置,棄,置,棄置 是一種 置,1
棍子,棍,子,棍子 是一種 子,0
業務,業,務,業務 是一種 務,1
業界,業,界,業界 是一種 界,1
業者,業,者,業者 是一種 者,0
標準,標,準,標準 是一種 準,0
標示,標,示,標示 是一種 示,1
模式,模,式,模式 是一種 式,0
樣子,樣,子,樣子 是一種 子,0
樸實,樸,實,樸實 是一種 實,1
樹木,樹,木,樹木 是一種 木,1
樹林,樹,林,樹林 是一種 林,1
樹皮,樹,皮,樹皮 是一種 皮,1
機動,機,動,機動 是一種 動,0
機會,機,會,機會 是一種 會,0
機構,機,構,機構 是一種 構,1
機組,機,組,機組 是一種 組,0
機緣,機,緣,機緣 是一種 緣,0
機車,機,車,機車 是一種 車,1
檔案,檔,案,檔案 是一種 案,0
檢查,檢,查,檢查 是一種 查,1
檢討,檢,討,檢討 是一種 討,1
欣喜,欣,喜,欣喜 是一種 喜,0
欣慰,欣,慰,欣慰 是一種 慰,0
歌手,歌,手,歌手 是一種 手,0
歐洲,歐,洲,歐洲 是一種 洲,1
歐美,歐,美,歐美 是一種 美,0
歡喜,歡,喜,歡喜 是一種 喜,1
歡悅,歡,悅,歡悅 是一種 悅,0
歡愉,歡,愉,歡愉 是一種 愉,0
歡暢,歡,暢,歡暢 是一種 暢,0
歡欣,歡,欣,歡欣 是一種 欣,0
止住,止,住,止住 是一種 住,0
正常,正,常,正常 是一種 常,0
正式,正,式,正式 是一種 式,0
武松,武,松,武松 是一種 松,0
歷史,歷,史,歷史 是一種 史,1
歷時,歷,時,歷時 是一種 時,0
歸功,歸,功,歸功 是一種 功,0
殆盡,殆,盡,殆盡 是一種 盡,0
殘障,殘,障,殘障 是一種 障,0
毀容,毀,容,毀容 是一種 容,0
毋寧,毋,寧,毋寧 是一種 寧,0
毒物,毒,物,毒物 是一種 物,1
比喻,比,喻,比喻 是一種 喻,1
比照,比,照,比照 是一種 照,1
民主,民,主,民主 是一種 主,1
民事,民,事,民事 是一種 事,1
民意,民,意,民意 是一種 意,0
民生,民,生,民生 是一種 生,0
民眾,民,眾,民眾 是一種 眾,0
氣候,氣,候,氣候 是一種 候,1
氣憤,氣,憤,氣憤 是一種 憤,0
氣溫,氣,溫,氣溫 是一種 溫,1
水晶,水,晶,水晶 是一種 晶,0
水果,水,果,水果 是一種 果,1
水水,水,水,水水 是一種 水,0
水泥,水,泥,水泥 是一種 泥,0
水準,水,準,水準 是一種 準,1
水質,水,質,水質 是一種 質,1
永續,永,續,永續 是一種 續,0
永遠,永,遠,永遠 是一種 遠,0
求婚,求,婚,求婚 是一種 婚,1
求援,求,援,求援 是一種 援,1
求解,求,解,求解 是一種 解,0
汝等,汝,等,汝等 是一種 等,1
江蘇,江,蘇,江蘇 是一種 蘇,0
污染,污,染,污染 是一種 染,1
污水,污,水,污水 是一種 水,1
決定,決,定,決定 是一種 定,1
決心,決,心,決心 是一種 心,0
汽車,汽,車,汽車 是一種 車,1
沒有,沒,有,沒有 是一種 有,0
沙國,沙,國,沙國 是一種 國,1
沙沙,沙,沙,沙沙 是一種 沙,0
沙泥,沙,泥,沙泥 是一種 泥,0
河南,河,南,河南 是一種 南,1
河口,河,口,河口 是一種 口,0
河川,河,川,河川 是一種 川,0
油品,油,品,油品 是一種 品,1
油污,油,污,油污 是一種 污,1
油煙,油,煙,油煙 是一種 煙,1
油船,油,船,油船 是一種 船,1
沿岸,沿,岸,沿岸 是一種 岸,0
法令,法,令,法令 是一種 令,0
法國,法,國,法國 是一種 國,1
法律,法,律,法律 是一種 律,0
法辦,法,辦,法辦 是一種 辦,0
法院,法,院,法院 是一種 院,0
泥土,泥,土,泥土 是一種 土,1
注意,注,意,注意 是一種 意,0
注目,注,目,注目 是一種 目,1
泰半,泰,半,泰半 是一種 半,1
泰國,泰,國,泰國 是一種 國,1
泰雅,泰,雅,泰雅 是一種 雅,0
浪漫,浪,漫,浪漫 是一種 漫,0
浸泡,浸,泡,浸泡 是一種 泡,1
浸淫,浸,淫,浸淫 是一種 淫,0
涉及,涉,及,涉及 是一種 及,0
涉嫌,涉,嫌,涉嫌 是一種 嫌,1
淋濕,淋,濕,淋濕 是一種 濕,1
淡大,淡,大,淡大 是一種 大,0
淡水,淡,水,淡水 是一種 水,1
淡江,淡,江,淡江 是一種 江,0
深信,深,信,深信 是一種 信,0
深入,深,入,深入 是一種 入,0
深思,深,思,深思 是一種 思,1
深感,深,感,深感 是一種 感,0
深遠,深,遠,深遠 是一種 遠,0
減低,減,低,減低 是一種 低,0
減刑,減,刑,減刑 是一種 刑,0
減半,減,半,減半 是一種 半,0
減少,減,少,減少 是一種 少,1
減弱,減,弱,減弱 是一種 弱,0
減至,減,至,減至 是一種 至,0
渡過,渡,過,渡過 是一種 過,0
湧出,湧,出,湧出 是一種 出,0
湯匙,湯,匙,湯匙 是一種 匙,1
源自,源,自,源自 是一種 自,0
準備,準,備,準備 是一種 備,0
準線,準,線,準線 是一種 線,1
溜走,溜,走,溜走 是一種 走,1
溪水,溪,水,溪水 是一種 水,1
溫和,溫,和,溫和 是一種 和,0
溫暖,溫,暖,溫暖 是一種 暖,0
溫水,溫,水,溫水 是一種 水,1
溶入,溶,入,溶入 是一種 入,0
溶化,溶,化,溶化 是一種 化,1
滲入,滲,入,滲入 是一種 入,1
滾滾,滾,滾,滾滾 是一種 滾,0
滿意,滿,意,滿意 是一種 意,0
漂亮,漂,亮,漂亮 是一種 亮,0
演出,演,出,演出 是一種 出,0
演化,演,化,演化 是一種 化,0
演藝,演,藝,演藝 是一種 藝,0
漢子,漢,子,漢子 是一種 子,0
潮濕,潮,濕,潮濕 是一種 濕,1
濃縮,濃,縮,濃縮 是一種 縮,0
瀕臨,瀕,臨,瀕臨 是一種 臨,0
火力,火,力,火力 是一種 力,1
火鍋,火,鍋,火鍋 是一種 鍋,0
為主,為,主,為主 是一種 主,0
為伍,為,伍,為伍 是一種 伍,0
為傲,為,傲,為傲 是一種 傲,0
為最,為,最,為最 是一種 最,0
為妙,為,妙,為妙 是一種 妙,0
為宜,為,宜,為宜 是一種 宜,1
為敵,為,敵,為敵 是一種 敵,0
為止,為,止,為止 是一種 止,0
為準,為,準,為準 是一種 準,0
為甚,為,甚,為甚 是一種 甚,1
為生,為,生,為生 是一種 生,0
為由,為,由,為由 是一種 由,1
為證,為,證,為證 是一種 證,0
為首,為,首,為首 是一種 首,1
烏龜,烏,龜,烏龜 是一種 龜,1
焉能,焉,能,焉能 是一種 能,1
無心,無,心,無心 是一種 心,1
無意,無,意,無意 是一種 意,0
無疑,無,疑,無疑 是一種 疑,0
無線,無,線,無線 是一種 線,0
無聲,無,聲,無聲 是一種 聲,0
煮熟,煮,熟,煮熟 是一種 熟,0
煞到,煞,到,煞到 是一種 到,0
照射,照,射,照射 是一種 射,0
照抄,照,抄,照抄 是一種 抄,1
照相,照,相,照相 是一種 相,0
照舊,照,舊,照舊 是一種 舊,0
照辦,照,辦,照辦 是一種 辦,0
煩心,煩,心,煩心 是一種 心,0
煩悶,煩,悶,煩悶 是一種 悶,1
煩憂,煩,憂,煩憂 是一種 憂,0
燃燒,燃,燒,燃燒 是一種 燒,0
爆發,爆,發,爆發 是一種 發,1
爭光,爭,光,爭光 是一種 光,0
父親,父,親,父親 是一種 親,0
爸爸,爸,爸,爸爸 是一種 爸,0
爺爺,爺,爺,爺爺 是一種 爺,0
爽快,爽,快,爽快 是一種 快,1
版面,版,面,版面 是一種 面,1
牛郎,牛,郎,牛郎 是一種 郎,1
牛頓,牛,頓,牛頓 是一種 頓,0
牠們,牠,們,牠們 是一種 們,0
物種,物,種,物種 是一種 種,1
物質,物,質,物質 是一種 質,1
特別,特,別,特別 是一種 別,0
特定,特,定,特定 是一種 定,0
特徵,特,徵,特徵 是一種 徵,0
特性,特,性,特性 是一種 性,0
特色,特,色,特色 是一種 色,0
特質,特,質,特質 是一種 質,1
牽掛,牽,掛,牽掛 是一種 掛,1
牽涉,牽,涉,牽涉 是一種 涉,0
犯罪,犯,罪,犯罪 是一種 罪,0
狀況,狀,況,狀況 是一種 況,1
狂喜,狂,喜,狂喜 是一種 喜,1
狹義,狹,義,狹義 是一種 義,0
猛烈,猛,烈,猛烈 是一種 烈,0
猜測,猜,測,猜測 是一種 測,1
獎品,獎,品,獎品 是一種 品,0
獎狀,獎,狀,獎狀 是一種 狀,1
獎金,獎,金,獎金 是一種 金,1
獨特,獨,特,獨特 是一種 特,1
獲得,獲,得,獲得 是一種 得,1
獵物,獵,物,獵物 是一種 物,1
獻藝,獻,藝,獻藝 是一種 藝,0
王維,王,維,王維 是一種 維,0
珍惜,珍,惜,珍惜 是一種 惜,1
球員,球,員,球員 是一種 員,1
球迷,球,迷,球迷 是一種 迷,1
環保,環,保,環保 是一種 保,0
環境,環,境,環境 是一種 境,1
環繞,環,繞,環繞 是一種 繞,0
甘心,甘,心,甘心 是一種 心,0
甘願,甘,願,甘願 是一種 願,1
甚麼,甚,麼,甚麼 是一種 麼,0
生前,生,前,生前 是一種 前,0
生命,生,命,生命 是一種 命,1
生存,生,存,生存 是一種 存,0
生意,生,意,生意 是一種 意,0
生氣,生,氣,生氣 是一種 氣,1
生物,生,物,生物 是一種 物,1
生疏,生,疏,生疏 是一種 疏,0
生計,生,計,生計 是一種 計,0
產品,產,品,產品 是一種 品,1
產業,產,業,產業 是一種 業,1
用來,用,來,用來 是一種 來,0
用到,用,到,用到 是一種 到,0
用戶,用,戶,用戶 是一種 戶,1
用水,用,水,用水 是一種 水,0
用處,用,處,用處 是一種 處,0
用途,用,途,用途 是一種 途,0
用量,用,量,用量 是一種 量,1
申訴,申,訴,申訴 是一種 訴,0
界線,界,線,界線 是一種 線,1
畏懼,畏,懼,畏懼 是一種 懼,1
留念,留,念,留念 是一種 念,0
留意,留,意,留意 是一種 意,0
留給,留,給,留給 是一種 給,0
畢業,畢,業,畢業 是一種 業,0
疏忽,疏,忽,疏忽 是一種 忽,1
癌症,癌,症,癌症 是一種 症,0
發亮,發,亮,發亮 是一種 亮,1
發佈,發,佈,發佈 是一種 佈,0
發出,發,出,發出 是一種 出,1
發包,發,包,發包 是一種 包,1
發展,發,展,發展 是一種 展,1
發掘,發,掘,發掘 是一種 掘,0
發揮,發,揮,發揮 是一種 揮,0
發源,發,源,發源 是一種 源,1
發生,發,生,發生 是一種 生,0
發聲,發,聲,發聲 是一種 聲,0
發覺,發,覺,發覺 是一種 覺,0
發送,發,送,發送 是一種 送,0
皮包,皮,包,皮包 是一種 包,1
皮膚,皮,膚,皮膚 是一種 膚,0
盒子,盒,子,盒子 是一種 子,0
盜版,盜,版,盜版 是一種 版,0
目前,目,前,目前 是一種 前,0
目標,目,標,目標 是一種 標,0
目的,目,的,目的 是一種 的,0
目睹,目,睹,目睹 是一種 睹,0
相信,相,信,相信 是一種 信,1
相去,相,去,相去 是一種 去,0
相反,相,反,相反 是一種 反,0
相同,相,同,相同 是一種 同,1
相差,相,差,相差 是一種 差,0
相愛,相,愛,相愛 是一種 愛,1
相應,相,應,相應 是一種 應,0
相會,相,會,相會 是一種 會,1
相比,相,比,相比 是一種 比,1
相等,相,等,相等 是一種 等,0
相親,相,親,相親 是一種 親,0
相較,相,較,相較 是一種 較,1
眉毛,眉,毛,眉毛 是一種 毛,1
眼前,眼,前,眼前 是一種 前,0
眼銳,眼,銳,眼銳 是一種 銳,1
眾多,眾,多,眾多 是一種 多,0
睡覺,睡,覺,睡覺 是一種 覺,0
瞭解,瞭,解,瞭解 是一種 解,1
矛盾,矛,盾,矛盾 是一種 盾,0
研判,研,判,研判 是一種 判,1
研究,研,究,研究 是一種 究,0
研討,研,討,研討 是一種 討,0
碰到,碰,到,碰到 是一種 到,0
確保,確,保,確保 是一種 保,1
確定,確,定,確定 是一種 定,0
確實,確,實,確實 是一種 實,0
示意,示,意,示意 是一種 意,0
示範,示,範,示範 是一種 範,0
社會,社,會,社會 是一種 會,1
祖國,祖,國,祖國 是一種 國,1
祖父,祖,父,祖父 是一種 父,1
視作,視,作,視作 是一種 作,0
視力,視,力,視力 是一種 力,0
視為,視,為,視為 是一種 為,0
視聽,視,聽,視聽 是一種 聽,0
福特,福,特,福特 是一種 特,0
禪宗,禪,宗,禪宗 是一種 宗,1
禮品,禮,品,禮品 是一種 品,0
禮拜,禮,拜,禮拜 是一種 拜,0
禮物,禮,物,禮物 是一種 物,0
禮聘,禮,聘,禮聘 是一種 聘,1
萬一,萬,一,萬一 是一種 一,0
萬分,萬,分,萬分 是一種 分,0
萬萬,萬,萬,萬萬 是一種 萬,0
秋季,秋,季,秋季 是一種 季,1
秋後,秋,後,秋後 是一種 後,0
科學,科,學,科學 是一種 學,1
科技,科,技,科技 是一種 技,0
秒角,秒,角,秒角 是一種 角,0
秒鐘,秒,鐘,秒鐘 是一種 鐘,0
秦王,秦,王,秦王 是一種 王,1
移入,移,入,移入 是一種 入,0
移動,移,動,移動 是一種 動,1
程式,程,式,程式 是一種 式,0
稍後,稍,後,稍後 是一種 後,1
種子,種,子,種子 是一種 子,0
種種,種,種,種種 是一種 種,0
種類,種,類,種類 是一種 類,0
稱作,稱,作,稱作 是一種 作,1
稱做,稱,做,稱做 是一種 做,0
稱呼,稱,呼,稱呼 是一種 呼,1
稱為,稱,為,稱為 是一種 為,0
積累,積,累,積累 是一種 累,1
穩定,穩,定,穩定 是一種 定,0
究竟,究,竟,究竟 是一種 竟,0
空氣,空,氣,空氣 是一種 氣,1
空洞,空,洞,空洞 是一種 洞,0
空調,空,調,空調 是一種 調,0
穿越,穿,越,穿越 是一種 越,0
站穩,站,穩,站穩 是一種 穩,0
筆者,筆,者,筆者 是一種 者,0
筆觸,筆,觸,筆觸 是一種 觸,1
等候,等,候,等候 是一種 候,1
等到,等,到,等到 是一種 到,1
等同,等,同,等同 是一種 同,1
等等,等,等,等等 是一種 等,1
答應,答,應,答應 是一種 應,1
答案,答,案,答案 是一種 案,0
答覆,答,覆,答覆 是一種 覆,1
簡介,簡,介,簡介 是一種 介,1
簡單,簡,單,簡單 是一種 單,0
簡稱,簡,稱,簡稱 是一種 稱,1
粗心,粗,心,粗心 是一種 心,0
精品,精,品,精品 是一種 品,0
精專,精,專,精專 是一種 專,1
糕點,糕,點,糕點 是一種 點,0
糧食,糧,食,糧食 是一種 食,0
糾正,糾,正,糾正 是一種 正,0
糾纏,糾,纏,糾纏 是一種 纏,1
紀念,紀,念,紀念 是一種 念,1
紀錄,紀,錄,紀錄 是一種 錄,0
約會,約,會,約會 是一種 會,0
紐約,紐,約,紐約 是一種 約,0
累積,累,積,累積 是一種 積,1
累計,累,計,累計 是一種 計,0
細微,細,微,細微 是一種 微,1
終究,終,究,終究 是一種 究,0
組織,組,織,組織 是一種 織,0
結實,結,實,結實 是一種 實,0
結巴,結,巴,結巴 是一種 巴,0
結束,結,束,結束 是一種 束,0
結果,結,果,結果 是一種 果,0
結構,結,構,結構 是一種 構,0
結為,結,為,結為 是一種 為,0
結論,結,論,結論 是一種 論,1
給予,給,予,給予 是一種 予,1
給付,給,付,給付 是一種 付,1
給以,給,以,給以 是一種 以,0
維持,維,持,維持 是一種 持,0
維生,維,生,維生 是一種 生,0
維繫,維,繫,維繫 是一種 繫,1
維護,維,護,維護 是一種 護,1
網路,網,路,網路 是一種 路,0
綿延,綿,延,綿延 是一種 延,1
緊張,緊,張,緊張 是一種 張,1
緊急,緊,急,緊急 是一種 急,0
編目,編,目,編目 是一種 目,0
編組,編,組,編組 是一種 組,1
縣府,縣,府,縣府 是一種 府,1
縱容,縱,容,縱容 是一種 容,1
織女,織,女,織女 是一種 女,0
續集,續,集,續集 是一種 集,0
纏住,纏,住,纏住 是一種 住,0
纏身,纏,身,纏身 是一種 身,0
缺乏,缺,乏,缺乏 是一種 乏,1
缺少,缺,少,缺少 是一種 少,1
罐子,罐,子,罐子 是一種 子,0
罪名,罪,名,罪名 是一種 名,0
罰錢,罰,錢,罰錢 是一種 錢,0
罹患,罹,患,罹患 是一種 患,1
美國,美,國,美國 是一種 國,1
美好,美,好,美好 是一種 好,0
美容,美,容,美容 是一種 容,0
美帝,美,帝,美帝 是一種 帝,0
美麗,美,麗,美麗 是一種 麗,1
羞愧,羞,愧,羞愧 是一種 愧,1
羽毛,羽,毛,羽毛 是一種 毛,1
習慣,習,慣,習慣 是一種 慣,1
而外,而,外,而外 是一種 外,0
聖火,聖,火,聖火 是一種 火,1
聲光,聲,光,聲光 是一種 光,0
聲浪,聲,浪,聲浪 是一種 浪,1
聲稱,聲,稱,聲稱 是一種 稱,1
聲音,聲,音,聲音 是一種 音,1
聽任,聽,任,聽任 是一種 任,1
聽到,聽,到,聽到 是一種 到,0
聽命,聽,命,聽命 是一種 命,0
聽見,聽,見,聽見 是一種 見,0
聽覺,聽,覺,聽覺 是一種 覺,1
肚子,肚,子,肚子 是一種 子,0
肯定,肯,定,肯定 是一種 定,0
胡亂,胡,亂,胡亂 是一種 亂,0
胡琴,胡,琴,胡琴 是一種 琴,1
胡適,胡,適,胡適 是一種 適,0
能力,能,力,能力 是一種 力,0
能量,能,量,能量 是一種 量,0
脈動,脈,動,脈動 是一種 動,1
脖子,脖,子,脖子 是一種 子,0
腐朽,腐,朽,腐朽 是一種 朽,1
膝蓋,膝,蓋,膝蓋 是一種 蓋,0
臉色,臉,色,臉色 是一種 色,0
臨到,臨,到,臨到 是一種 到,1
臨床,臨,床,臨床 是一種 床,1
臨近,臨,近,臨近 是一種 近,1
自大,自,大,自大 是一種 大,0
自己,自,己,自己 是一種 己,0
自我,自,我,自我 是一種 我,0
自有,自,有,自有 是一種 有,0
自殺,自,殺,自殺 是一種 殺,1
自治,自,治,自治 是一種 治,1
自甘,自,甘,自甘 是一種 甘,1
自由,自,由,自由 是一種 由,0
自稱,自,稱,自稱 是一種 稱,1
自覺,自,覺,自覺 是一種 覺,0
自身,自,身,自身 是一種 身,1
自願,自,願,自願 是一種 願,0
致力,致,力,致力 是一種 力,0
致命,致,命,致命 是一種 命,0
致意,致,意,致意 是一種 意,0
致敬,致,敬,致敬 是一種 敬,0
致謝,致,謝,致謝 是一種 謝,0
舒暢,舒,暢,舒暢 是一種 暢,0
舒適,舒,適,舒適 是一種 適,0
航空,航,空,航空 是一種 空,0
航運,航,運,航運 是一種 運,0
船隻,船,隻,船隻 是一種 隻,0
良好,良,好,良好 是一種 好,0
色彩,色,彩,色彩 是一種 彩,0
花兒,花,兒,花兒 是一種 兒,0
花園,花,園,花園 是一種 園,1
花蓮,花,蓮,花蓮 是一種 蓮,0
花費,花,費,花費 是一種 費,0
花錢,花,錢,花錢 是一種 錢,0
苔原,苔,原,苔原 是一種 原,1
若干,若,干,若干 是一種 干,0
苦悶,苦,悶,苦悶 是一種 悶,1
荒唐,荒,唐,荒唐 是一種 唐,0
華人,華,人,華人 是一種 人,1
華航,華,航,華航 是一種 航,1
蒙古,蒙,古,蒙古 是一種 古,0
蔚為,蔚,為,蔚為 是一種 為,1
藉助,藉,助,藉助 是一種 助,1
藝術,藝,術,藝術 是一種 術,1
藥物,藥,物,藥物 是一種 物,1
藻類,藻,類,藻類 是一種 類,1
蘇武,蘇,武,蘇武 是一種 武,0
蘭嶼,蘭,嶼,蘭嶼 是一種 嶼,1
蘭花,蘭,花,蘭花 是一種 花,1
處處,處,處,處處 是一種 處,0
行動,行,動,行動 是一種 動,1
行業,行,業,行業 是一種 業,0
行為,行,為,行為 是一種 為,1
行禮,行,禮,行禮 是一種 禮,0
衛生,衛,生,衛生 是一種 生,0
衝擊,衝,擊,衝擊 是一種 擊,1
被迫,被,迫,被迫 是一種 迫,1
補助,補,助,補助 是一種 助,1
補妝,補,妝,補妝 是一種 妝,1
補給,補,給,補給 是一種 給,0
補貼,補,貼,補貼 是一種 貼,0
裝作,裝,作,裝作 是一種 作,0
裝做,裝,做,裝做 是一種 做,0
裝箱,裝,箱,裝箱 是一種 箱,0
裡面,裡,面,裡面 是一種 面,0
製藥,製,藥,製藥 是一種 藥,0
西區,西,區,西區 是一種 區,1
西南,西,南,西南 是一種 南,0
西德,西,德,西德 是一種 德,1
見到,見,到,見到 是一種 到,0
親生,親,生,親生 是一種 生,0
覺得,覺,得,覺得 是一種 得,0
觀光,觀,光,觀光 是一種 光,0
觀察,觀,察,觀察 是一種 察,1
觀念,觀,念,觀念 是一種 念,0
觀眾,觀,眾,觀眾 是一種 眾,0
觀音,觀,音,觀音 是一種 音,0
觀點,觀,點,觀點 是一種 點,0
角分,角,分,角分 是一種 分,1
角秒,角,秒,角秒 是一種 秒,1
角色,角,色,角色 是一種 色,0
解僱,解,僱,解僱 是一種 僱,0
解嘲,解,嘲,解嘲 是一種 嘲,1
解毒,解,毒,解毒 是一種 毒,0
解決,解,決,解決 是一種 決,0
解釋,解,釋,解釋 是一種 釋,1
解雇,解,雇,解雇 是一種 雇,0
觸怒,觸,怒,觸怒 是一種 怒,1
觸角,觸,角,觸角 是一種 角,1
訂婚,訂,婚,訂婚 是一種 婚,1
訂房,訂,房,訂房 是一種 房,0
訂貨,訂,貨,訂貨 是一種 貨,1
計有,計,有,計有 是一種 有,1
計較,計,較,計較 是一種 較,1
討論,討,論,討論 是一種 論,0
記住,記,住,記住 是一種 住,0
記得,記,得,記得 是一種 得,0
記者,記,者,記者 是一種 者,0
記過,記,過,記過 是一種 過,0
記錄,記,錄,記錄 是一種 錄,1
設定,設,定,設定 是一種 定,1
設施,設,施,設施 是一種 施,1
設有,設,有,設有 是一種 有,1
設法,設,法,設法 是一種 法,0
設計,設,計,設計 是一種 計,1
許可,許,可,許可 是一種 可,1
許多,許,多,許多 是一種 多,1
訴苦,訴,苦,訴苦 是一種 苦,0
詞典,詞,典,詞典 是一種 典,1
詢問,詢,問,詢問 是一種 問,1
試圖,試,圖,試圖 是一種 圖,0
試試,試,試,試試 是一種 試,0
誘人,誘,人,誘人 是一種 人,0
誘發,誘,發,誘發 是一種 發,0
誤會,誤,會,誤會 是一種 會,0
誰人,誰,人,誰人 是一種 人,0
調整,調,整,調整 是一種 整,0
調查,調,查,調查 是一種 查,1
論述,論,述,論述 是一種 述,0
諸多,諸,多,諸多 是一種 多,1
謀生,謀,生,謀生 是一種 生,0
謝罪,謝,罪,謝罪 是一種 罪,0
謝謝,謝,謝,謝謝 是一種 謝,0
證實,證,實,證實 是一種 實,0
證據,證,據,證據 是一種 據,0
證明,證,明,證明 是一種 明,0
警告,警,告,警告 是一種 告,0
警員,警,員,警員 是一種 員,0
警官,警,官,警官 是一種 官,1
警察,警,察,警察 是一種 察,0
警覺,警,覺,警覺 是一種 覺,0
護航,護,航,護航 是一種 航,0
讀書,讀,書,讀書 是一種 書,0
讀者,讀,者,讀者 是一種 者,0
讓出,讓,出,讓出 是一種 出,0
讓給,讓,給,讓給 是一種 給,1
讚賞,讚,賞,讚賞 是一種 賞,1
豐厚,豐,厚,豐厚 是一種 厚,0
豐富,豐,富,豐富 是一種 富,0
負債,負,債,負債 是一種 債,1
負責,負,責,負責 是一種 責,0
負面,負,面,負面 是一種 面,1
財力,財,力,財力 是一種 力,0
財務,財,務,財務 是一種 務,0
財政,財,政,財政 是一種 政,0
財產,財,產,財產 是一種 產,0
貨物,貨,物,貨物 是一種 物,1
責任,責,任,責任 是一種 任,1
貶值,貶,值,貶值 是一種 值,0
買給,買,給,買給 是一種 給,1
買進,買,進,買進 是一種 進,0
費用,費,用,費用 是一種 用,1
貼補,貼,補,貼補 是一種 補,0
貼身,貼,身,貼身 是一種 身,0
資本,資,本,資本 是一種 本,1
資深,資,深,資深 是一種 深,0
資源,資,源,資源 是一種 源,1
資產,資,產,資產 是一種 產,0
資金,資,金,資金 是一種 金,0
賜給,賜,給,賜給 是一種 給,1
賢妻,賢,妻,賢妻 是一種 妻,1
賣出,賣,出,賣出 是一種 出,0
賣給,賣,給,賣給 是一種 給,0
賤內,賤,內,賤內 是一種 內,1
賤妾,賤,妾,賤妾 是一種 妾,0
賦予,賦,予,賦予 是一種 予,1
質疑,質,疑,質疑 是一種 疑,0
賴以,賴,以,賴以 是一種 以,0
贈送,贈,送,贈送 是一種 送,1
贏得,贏,得,贏得 是一種 得,0
走到,走,到,走到 是一種 到,0
走向,走,向,走向 是一種 向,0
走路,走,路,走路 是一種 路,0
超出,超,出,超出 是一種 出,1
超越,超,越,超越 是一種 越,0
超載,超,載,超載 是一種 載,0
超過,超,過,超過 是一種 過,0
越戰,越,戰,越戰 是一種 戰,1
越界,越,界,越界 是一種 界,0
趕路,趕,路,趕路 是一種 路,0
趨勢,趨,勢,趨勢 是一種 勢,0
趨向,趨,向,趨向 是一種 向,0
跑去,跑,去,跑去 是一種 去,0
跑掉,跑,掉,跑掉 是一種 掉,0
跑船,跑,船,跑船 是一種 船,0
距離,距,離,距離 是一種 離,1
跨越,跨,越,跨越 是一種 越,1
路線,路,線,路線 是一種 線,1
身後,身,後,身後 是一種 後,0
身為,身,為,身為 是一種 為,0
身處,身,處,身處 是一種 處,1
身邊,身,邊,身邊 是一種 邊,0
車子,車,子,車子 是一種 子,0
車站,車,站,車站 是一種 站,1
車行,車,行,車行 是一種 行,0
軍事,軍,事,軍事 是一種 事,0
軍人,軍,人,軍人 是一種 人,1
軍隊,軍,隊,軍隊 是一種 隊,1
較多,較,多,較多 是一種 多,1
較量,較,量,較量 是一種 量,0
載入,載,入,載入 是一種 入,0
載明,載,明,載明 是一種 明,0
輪到,輪,到,輪到 是一種 到,0
轟炸,轟,炸,轟炸 是一種 炸,0
辛苦,辛,苦,辛苦 是一種 苦,0
辛酸,辛,酸,辛酸 是一種 酸,0
辦法,辦,法,辦法 是一種 法,0
辭行,辭,行,辭行 是一種 行,0
辯論,辯,論,辯論 是一種 論,1
辯護,辯,護,辯護 是一種 護,0
近乎,近,乎,近乎 是一種 乎,0
近代,近,代,近代 是一種 代,1
近路,近,路,近路 是一種 路,1
迴旋,迴,旋,迴旋 是一種 旋,1
迷信,迷,信,迷信 是一種 信,0
追趕,追,趕,追趕 是一種 趕,1
送交,送,交,送交 是一種 交,1
送來,送,來,送來 是一種 來,0
送出,送,出,送出 是一種 出,0
送行,送,行,送行 是一種 行,0
途徑,途,徑,途徑 是一種 徑,1
逗留,逗,留,逗留 是一種 留,0
這些,這,些,這些 是一種 些,0
這兒,這,兒,這兒 是一種 兒,0
這樣,這,樣,這樣 是一種 樣,1
這般,這,般,這般 是一種 般,0
這裏,這,裏,這裏 是一種 裏,1
這裡,這,裡,這裡 是一種 裡,0
這邊,這,邊,這邊 是一種 邊,0
速寫,速,寫,速寫 是一種 寫,1
造勢,造,勢,造勢 是一種 勢,0
連任,連,任,連任 是一種 任,0
連戰,連,戰,連戰 是一種 戰,0
連接,連,接,連接 是一種 接,1
連線,連,線,連線 是一種 線,0
週年,週,年,週年 是一種 年,0
週旋,週,旋,週旋 是一種 旋,0
週末,週,末,週末 是一種 末,0
進來,進,來,進來 是一種 來,0
進入,進,入,進入 是一種 入,0
進去,進,去,進去 是一種 去,0
進口,進,口,進口 是一種 口,0
進展,進,展,進展 是一種 展,1
進攻,進,攻,進攻 是一種 攻,1
進行,進,行,進行 是一種 行,0
進香,進,香,進香 是一種 香,0
逼迫,逼,迫,逼迫 是一種 迫,1
遇到,遇,到,遇到 是一種 到,0
遇見,遇,見,遇見 是一種 見,0
遊客,遊,客,遊客 是一種 客,0
遊行,遊,行,遊行 是一種 行,1
運動,運,動,運動 是一種 動,1
過人,過,人,過人 是一種 人,0
過份,過,份,過份 是一種 份,0
過來,過,來,過來 是一種 來,0
過冬,過,冬,過冬 是一種 冬,0
過分,過,分,過分 是一種 分,1
過去,過,去,過去 是一種 去,1
過多,過,多,過多 是一種 多,0
過年,過,年,過年 是一種 年,0
過後,過,後,過後 是一種 後,0
過敏,過,敏,過敏 是一種 敏,0
過癮,過,癮,過癮 是一種 癮,0
過目,過,目,過目 是一種 目,0
過程,過,程,過程 是一種 程,0
遞給,遞,給,遞給 是一種 給,1
遠大,遠,大,遠大 是一種 大,0
遠東,遠,東,遠東 是一種 東,1
遠路,遠,路,遠路 是一種 路,1
適之,適,之,適之 是一種 之,0
適應,適,應,適應 是一種 應,1
適用,適,用,適用 是一種 用,1
遭到,遭,到,遭到 是一種 到,0
遭遇,遭,遇,遭遇 是一種 遇,0
遲疑,遲,疑,遲疑 是一種 疑,1
遵守,遵,守,遵守 是一種 守,1
遵循,遵,循,遵循 是一種 循,1
選擇,選,擇,選擇 是一種 擇,1
遺址,遺,址,遺址 是一種 址,0
遺忘,遺,忘,遺忘 是一種 忘,0
邊政,邊,政,邊政 是一種 政,1
那些,那,些,那些 是一種 些,1
那兒,那,兒,那兒 是一種 兒,0
那時,那,時,那時 是一種 時,1
那樣,那,樣,那樣 是一種 樣,0
那裏,那,裏,那裏 是一種 裏,1
那裡,那,裡,那裡 是一種 裡,1
那邊,那,邊,那邊 是一種 邊,0
鄰近,鄰,近,鄰近 是一種 近,1
酒令,酒,令,酒令 是一種 令,1
酒店,酒,店,酒店 是一種 店,1
酸楚,酸,楚,酸楚 是一種 楚,0
醉心,醉,心,醉心 是一種 心,0
金融,金,融,金融 是一種 融,0
金錢,金,錢,金錢 是一種 錢,0
金額,金,額,金額 是一種 額,1
鈞座,鈞,座,鈞座 是一種 座,0
銀行,銀,行,銀行 是一種 行,0
鋼琴,鋼,琴,鋼琴 是一種 琴,1
鋼筋,鋼,筋,鋼筋 是一種 筋,0
錄音,錄,音,錄音 是一種 音,1
錯亂,錯,亂,錯亂 是一種 亂,1
錯過,錯,過,錯過 是一種 過,0
鍋子,鍋,子,鍋子 是一種 子,0
鎖定,鎖,定,鎖定 是一種 定,0
門口,門,口,門口 是一種 口,0
開刀,開,刀,開刀 是一種 刀,0
開動,開,動,開動 是一種 動,1
開口,開,口,開口 是一種 口,0
開始,開,始,開始 是一種 始,0
開心,開,心,開心 是一種 心,0
開戰,開,戰,開戰 是一種 戰,1
開明,開,明,開明 是一種 明,0
開會,開,會,開會 是一種 會,0
開球,開,球,開球 是一種 球,0
開發,開,發,開發 是一種 發,0
開花,開,花,開花 是一種 花,0
開闊,開,闊,開闊 是一種 闊,0
防止,防,止,防止 是一種 止,1
防範,防,範,防範 是一種 範,0
阻擋,阻,擋,阻擋 是一種 擋,1
附贈,附,贈,附贈 是一種 贈,1
附身,附,身,附身 是一種 身,0
附近,附,近,附近 是一種 近,1
降低,降,低,降低 是一種 低,0
降到,降,到,降到 是一種 到,0
降為,降,為,降為 是一種 為,0
降至,降,至,降至 是一種 至,0
院士,院,士,院士 是一種 士,0
除去,除,去,除去 是一種 去,0
陶醉,陶,醉,陶醉 是一種 醉,1
陷入,陷,入,陷入 是一種 入,0
陽光,陽,光,陽光 是一種 光,1
陽明,陽,明,陽明 是一種 明,0
陽線,陽,線,陽線 是一種 線,1
隆乳,隆,乳,隆乳 是一種 乳,0
階段,階,段,階段 是一種 段,0
階級,階,級,階級 是一種 級,1
隔壁,隔,壁,隔壁 是一種 壁,0
隔音,隔,音,隔音 是一種 音,0
障礙,障,礙,障礙 是一種 礙,1
隨便,隨,便,隨便 是一種 便,1
隨俗,隨,俗,隨俗 是一種 俗,0
隨同,隨,同,隨同 是一種 同,0
險遭,險,遭,險遭 是一種 遭,0
離別,離,別,離別 是一種 別,1
離島,離,島,離島 是一種 島,1
離散,離,散,離散 是一種 散,1
離開,離,開,離開 是一種 開,0
難得,難,得,難得 是一種 得,0
難忘,難,忘,難忘 是一種 忘,0
難怪,難,怪,難怪 是一種 怪,0
難過,難,過,難過 是一種 過,1
雨林,雨,林,雨林 是一種 林,1
雷同,雷,同,雷同 是一種 同,1
電動,電,動,電動 是一種 動,1
電廠,電,廠,電廠 是一種 廠,1
電影,電,影,電影 是一種 影,1
電氣,電,氣,電氣 是一種 氣,1
電視,電,視,電視 是一種 視,0
電腦,電,腦,電腦 是一種 腦,0
電路,電,路,電路 是一種 路,1
需求,需,求,需求 是一種 求,0
震怒,震,怒,震怒 是一種 怒,1
露面,露,面,露面 是一種 面,0
靈魂,靈,魂,靈魂 是一種 魂,0
青年,青,年,青年 是一種 年,0
非洲,非,洲,非洲 是一種 洲,1
靠岸,靠,岸,靠岸 是一種 岸,0
面前,面,前,面前 是一種 前,0
面目,面,目,面目 是一種 目,0
面積,面,積,面積 是一種 積,1
面臨,面,臨,面臨 是一種 臨,1
竟是,竟,是,竟是 是一種 是,0
響應,響,應,響應 是一種 應,1
頂嘴,頂,嘴,頂嘴 是一種 嘴,0
順便,順,便,順便 是一種 便,0
順手,順,手,順手 是一種 手,0
預估,預,估,預估 是一種 估,0
預報,預,報,預報 是一種 報,1
預定,預,定,預定 是一種 定,0
預期,預,期,預期 是一種 期,1
預測,預,測,預測 是一種 測,1
預計,預,計,預計 是一種 計,0
預防,預,防,預防 是一種 防,1
頒獎,頒,獎,頒獎 是一種 獎,0
頒發,頒,發,頒發 是一種 發,1
頒給,頒,給,頒給 是一種 給,1
領先,領,先,領先 是一種 先,0
領袖,領,袖,領袖 是一種 袖,0
願意,願,意,願意 是一種 意,0
類似,類,似,類似 是一種 似,1
類型,類,型,類型 是一種 型,0
顧及,顧,及,顧及 是一種 及,0
顧問,顧,問,顧問 是一種 問,0
顧客,顧,客,顧客 是一種 客,0
食物,食,物,食物 是一種 物,1
食用,食,用,食用 是一種 用,0
飯店,飯,店,飯店 是一種 店,1
養分,養,分,養分 是一種 分,0
餐廳,餐,廳,餐廳 是一種 廳,0
驗尿,驗,尿,驗尿 是一種 尿,0
驗證,驗,證,驗證 是一種 證,1
驚人,驚,人,驚人 是一種 人,0
驚喜,驚,喜,驚喜 是一種 喜,1
驚嚇,驚,嚇,驚嚇 是一種 嚇,0
驚奇,驚,奇,驚奇 是一種 奇,1
驚恐,驚,恐,驚恐 是一種 恐,1
驚慌,驚,慌,驚慌 是一種 慌,0
驚醒,驚,醒,驚醒 是一種 醒,0
鬆綁,鬆,綁,鬆綁 是一種 綁,0
鳥類,鳥,類,鳥類 是一種 類,1
麥克,麥,克,麥克 是一種 克,0
黏附,黏,附,黏附 是一種 附,0
點兒,點,兒,點兒 是一種 兒,0
點子,點,子,點子 是一種 子,0
點燃,點,燃,點燃 是一種 燃,0
點點,點,點,點點 是一種 點,0
鼓動,鼓,動,鼓動 是一種 動,0
鼓勵,鼓,勵,鼓勵 是一種 勵,0
龍蝦,龍,蝦,龍蝦 是一種 蝦,1
